Ontario
41
Ontario,Ajax—Pickering,Ajax—Pickering,Joe Dickson,Joe Dickson,Ontario Liberal Party,26149
Ontario,Ajax—Pickering,Ajax—Pickering,Jermaine King,Jermaine King,New Democratic Party of Ontario,8265
Ontario,Ajax—Pickering,Ajax—Pickering,Todd McCarthy,Todd McCarthy,Progressive Conservative Party of Ontario,15012
Ontario,Ajax—Pickering,Ajax—Pickering,Adam Narraway,Adam Narraway,Green Party of Ontario,1608
Ontario,Ajax—Pickering,Ajax—Pickering,Kyle Stewart,Kyle Stewart,Ontario Libertarian Party,301
Ontario,Algoma—Manitoulin,Algoma—Manitoulin,Richard Hadidian,Richard Hadidian,Ontario Libertarian Party,464
Ontario,Algoma—Manitoulin,Algoma—Manitoulin,Craig Hughson,Craig Hughson,Ontario Liberal Party,6504
Ontario,Algoma—Manitoulin,Algoma—Manitoulin,Michael Mantha,Michael Mantha,New Democratic Party of Ontario,14172
Ontario,Algoma—Manitoulin,Algoma—Manitoulin,Jib Turner,Jib Turner,Progressive Conservative Party of Ontario,4589
Ontario,Algoma—Manitoulin,Algoma—Manitoulin,Alexandra Zalucky,Alexandra Zalucky,Green Party of Ontario,828
Ontario,Ancaster—Dundas—Flamborough—Westdale,Ancaster—Dundas—Flamborough—Westdale,Raymond Dartsch,Raymond Dartsch,Green Party of Ontario,2620
Ontario,Ancaster—Dundas—Flamborough—Westdale,Ancaster—Dundas—Flamborough—Westdale,Alex Johnstone,Alex Johnstone,New Democratic Party of Ontario,8457
Ontario,Ancaster—Dundas—Flamborough—Westdale,Ancaster—Dundas—Flamborough—Westdale,Glenn Langton,Glenn Langton,Ontario Libertarian Party,418
Ontario,Ancaster—Dundas—Flamborough—Westdale,Ancaster—Dundas—Flamborough—Westdale,Ted McMeekin,Ted McMeekin,Ontario Liberal Party,23906
Ontario,Ancaster—Dundas—Flamborough—Westdale,Ancaster—Dundas—Flamborough—Westdale,Donna Skelly,Donna Skelly,Progressive Conservative Party of Ontario,18143
Ontario,Ancaster—Dundas—Flamborough—Westdale,Ancaster—Dundas—Flamborough—Westdale,Barry Spruce,Barry Spruce,Freedom Party of Ontario,246
Ontario,Barrie,Barrie,David Bradbury,David Bradbury,New Democratic Party of Ontario,7975
Ontario,Barrie,Barrie,Ann Hoggarth,Ann Hoggarth,Ontario Liberal Party,19915
Ontario,Barrie,Barrie,Rod Jackson,Rod Jackson,Progressive Conservative Party of Ontario,17667
Ontario,Barrie,Barrie,Bonnie North,Bonnie North,Green Party of Ontario,3018
Ontario,Barrie,Barrie,Darren Roskam,Darren Roskam,Ontario Libertarian Party,366
Ontario,Beaches—East York,Beaches—East York,Nicolas Johnson,Nicolas Johnson,Progressive Conservative Party of Ontario,5955
Ontario,Beaches—East York,Beaches—East York,Alex Lindsay,Alex Lindsay,Ontario Libertarian Party,523
Ontario,Beaches—East York,Beaches—East York,Naomi Poley-Fisher,Naomi Poley-Fisher,Freedom Party of Ontario,157
Ontario,Beaches—East York,Beaches—East York,Arthur Potts,Arthur Potts,Ontario Liberal Party,17102
Ontario,Beaches—East York,Beaches—East York,Michael Prue,Michael Prue,New Democratic Party of Ontario,16671
Ontario,Beaches—East York,Beaches—East York,Debra Scott,Debra Scott,Green Party of Ontario,2313
Ontario,Bramalea—Gore—Malton,Bramalea—Gore—Malton,Harjit Jaswal,Harjit Jaswal,Progressive Conservative Party of Ontario,9473
Ontario,Bramalea—Gore—Malton,Bramalea—Gore—Malton,Kuldip Kular,Kuldip Kular,Ontario Liberal Party,17894
Ontario,Bramalea—Gore—Malton,Bramalea—Gore—Malton,Jagmeet Singh,Jagmeet Singh,New Democratic Party of Ontario,23521
Ontario,Bramalea—Gore—Malton,Bramalea—Gore—Malton,Pauline Thornham,Pauline Thornham,Green Party of Ontario,2285
Ontario,Brampton—Springdale,Brampton—Springdale,Gurpreet Dhillon,Gurpreet Dhillon,New Democratic Party of Ontario,13481
Ontario,Brampton—Springdale,Brampton—Springdale,Elizabeth Hill,Elizabeth Hill,Communist Party of Canada (Ontario),398
Ontario,Brampton—Springdale,Brampton—Springdale,Pam Hundal,Pam Hundal,Progressive Conservative Party of Ontario,10234
Ontario,Brampton—Springdale,Brampton—Springdale,Harinder Malhi,Harinder Malhi,Ontario Liberal Party,16848
Ontario,Brampton—Springdale,Brampton—Springdale,Laila Zarrabi Yan,Laila Zarrabi Yan,Green Party of Ontario,1322
Ontario,Brampton West,Brampton West,Luis Chacin,Luis Chacin,Ontario Libertarian Party,932
Ontario,Brampton West,Brampton West,Vic Dhillon,Vic Dhillon,Ontario Liberal Party,24815
Ontario,Brampton West,Brampton West,Sayyeda Ebrahim,Sayyeda Ebrahim,Green Party of Ontario,1502
Ontario,Brampton West,Brampton West,Ted Harlson,Ted Harlson,Freedom Party of Ontario,540
Ontario,Brampton West,Brampton West,Gugni Gill Panaich,Gugni Gill Panaich,New Democratic Party of Ontario,13096
Ontario,Brampton West,Brampton West,Randeep Sandhu,Randeep Sandhu,Progressive Conservative Party of Ontario,13262
Ontario,Brampton West,Brampton West,Dan Sullivan,Dan Sullivan,Family Coalition Party of Ontario,788
Ontario,Brant,Brant,Ken Burns,Ken Burns,Green Party of Ontario,2095
Ontario,Brant,Brant,Alex Felsky,Alex Felsky,New Democratic Party of Ontario,13992
Ontario,Brant,Brant,Rob Ferguson,Rob Ferguson,Ontario Libertarian Party,374
Ontario,Brant,Brant,Phil Gillies,Phil Gillies,Progressive Conservative Party of Ontario,16041
Ontario,Brant,Brant,Dave Levac,Dave Levac,Ontario Liberal Party,19346
Ontario,Brant,Brant,Brittni Mitchell,Brittni Mitchell,Freedom Party of Ontario,179
Ontario,Brant,Brant,John Turmel,John Turmel,Pauper Party of Ontario,61
Ontario,Bruce—Grey—Owen Sound,Bruce—Grey—Owen Sound,Ellen Anderson,Ellen Anderson,Ontario Liberal Party,11559
Ontario,Bruce—Grey—Owen Sound,Bruce—Grey—Owen Sound,Karen Gventer,Karen Gventer,New Democratic Party of Ontario,6789
Ontario,Bruce—Grey—Owen Sound,Bruce—Grey—Owen Sound,Jenny Parsons,Jenny Parsons,Green Party of Ontario,3768
Ontario,Bruce—Grey—Owen Sound,Bruce—Grey—Owen Sound,Jamie D. Spence,Jamie D. Spence,Freedom Party of Ontario,200
Ontario,Bruce—Grey—Owen Sound,Bruce—Grey—Owen Sound,Caleb Voskamp,Caleb Voskamp,Ontario Libertarian Party,188
Ontario,Bruce—Grey—Owen Sound,Bruce—Grey—Owen Sound,Bill Walker,Bill Walker,Progressive Conservative Party of Ontario,20423
Ontario,Burlington,Burlington,Andrew Brannan,Andrew Brannan,Freedom Party of Ontario,253
Ontario,Burlington,Burlington,Meredith Cross,Meredith Cross,Green Party of Ontario,2351
Ontario,Burlington,Burlington,Jane McKenna,Jane McKenna,Progressive Conservative Party of Ontario,20319
Ontario,Burlington,Burlington,Eleanor McMahon,Eleanor McMahon,Ontario Liberal Party,23826
Ontario,Burlington,Burlington,Jan Mowbray,Jan Mowbray,New Democratic Party of Ontario,7854
Ontario,Burlington,Burlington,Charles Zach,Charles Zach,Ontario Libertarian Party,368
Ontario,Cambridge,Cambridge,Temara Brown,Temara Brown,Green Party of Ontario,2739
Ontario,Cambridge,Cambridge,Allan R. Dettweiler,Allan R. Dettweiler,Ontario Libertarian Party,605
Ontario,Cambridge,Cambridge,Rob Leone,Rob Leone,Progressive Conservative Party of Ontario,15696
Ontario,Cambridge,Cambridge,Kathryn McGarry,Kathryn McGarry,Ontario Liberal Party,18763
Ontario,Cambridge,Cambridge,Bobbi Stewart,Bobbi Stewart,New Democratic Party of Ontario,10406
Ontario,Carleton—Mississippi Mills,Carleton—Mississippi Mills,John Hansen,John Hansen,New Democratic Party of Ontario,8748
Ontario,Carleton—Mississippi Mills,Carleton—Mississippi Mills,Jack MacLaren,Jack MacLaren,Progressive Conservative Party of Ontario,30501
Ontario,Carleton—Mississippi Mills,Carleton—Mississippi Mills,Rosalyn Stevens,Rosalyn Stevens,Ontario Liberal Party,20472
Ontario,Carleton—Mississippi Mills,Carleton—Mississippi Mills,Andrew West,Andrew West,Green Party of Ontario,4614
Ontario,Chatham—Kent—Essex,Chatham—Kent—Essex,Ken Bell,Ken Bell,Green Party of Ontario,1971
Ontario,Chatham—Kent—Essex,Chatham—Kent—Essex,Dan Gelinas,Dan Gelinas,New Democratic Party of Ontario,11667
Ontario,Chatham—Kent—Essex,Chatham—Kent—Essex,Terry Johnson,Terry Johnson,Ontario Liberal Party,9160
Ontario,Chatham—Kent—Essex,Chatham—Kent—Essex,Douglas McLarty,Douglas McLarty,Ontario Libertarian Party,514
Ontario,Chatham—Kent—Essex,Chatham—Kent—Essex,Rick Nicholls,Rick Nicholls,Progressive Conservative Party of Ontario,14183
Ontario,Davenport,Davenport,Mariam Ahmad,Mariam Ahmad,Communist Party of Canada (Ontario),174
Ontario,Davenport,Davenport,Franz Cauchi,Franz Cauchi,Freedom Party of Ontario,111
Ontario,Davenport,Davenport,Lan Daniel,Lan Daniel,Progressive Conservative Party of Ontario,2619
Ontario,Davenport,Davenport,Cristina Martins,Cristina Martins,Ontario Liberal Party,16205
Ontario,Davenport,Davenport,Jonah Schein,Jonah Schein,New Democratic Party of Ontario,14164
Ontario,Davenport,Davenport,Daniel Stein,Daniel Stein,Green Party of Ontario,1974
Ontario,Davenport,Davenport,Nunzio Venuto,Nunzio Venuto,Ontario Libertarian Party,252
Ontario,Davenport,Davenport,Troy Young,Troy Young,The People's Political Party,99
Ontario,Don Valley-East,Don Valley-East,Michael Coteau,Michael Coteau,Ontario Liberal Party,19253
Ontario,Don Valley-East,Don Valley-East,Angela Kennedy,Angela Kennedy,Progressive Conservative Party of Ontario,9227
Ontario,Don Valley-East,Don Valley-East,Christopher McLeod,Christopher McLeod,Green Party of Ontario,1264
Ontario,Don Valley-East,Don Valley-East,Akil Sadikali,Akil Sadikali,New Democratic Party of Ontario,4492
Ontario,Don Valley-East,Don Valley-East,Wayne Simmons,Wayne Simmons,Freedom Party of Ontario,287
Ontario,Don Valley-West,Don Valley-West,Khalid Ahmed,Khalid Ahmed,New Democratic Party of Ontario,3569
Ontario,Don Valley-West,Don Valley-West,Patrick Boyd,Patrick Boyd,Ontario Libertarian Party,338
Ontario,Don Valley-West,Don Valley-West,Brock Burrows,Brock Burrows,Independent,138
Ontario,Don Valley-West,Don Valley-West,Tracy Curley,Tracy Curley,Freedom Party of Ontario,83
Ontario,Don Valley-West,Don Valley-West,Louis Fliss,Louis Fliss,Green Party of Ontario,1286
Ontario,Don Valley-West,Don Valley-West,Dimitrios Kabitsis,Dimitrios Kabitsis,Communist Party of Canada (Ontario),153
Ontario,Don Valley-West,Don Valley-West,David Porter,David Porter,Progressive Conservative Party of Ontario,14082
Ontario,Don Valley-West,Don Valley-West,Rosemary Waigh,Rosemary Waigh,Vegan Environmental Party,116
Ontario,Don Valley-West,Don Valley-West,Kathleen Wynne,Kathleen Wynne,Ontario Liberal Party,26215
Ontario,Dufferin—Caledon,Dufferin—Caledon,Bobbie Daid,Bobbie Daid,Ontario Liberal Party,13862
Ontario,Dufferin—Caledon,Dufferin—Caledon,Sylvia Jones,Sylvia Jones,Progressive Conservative Party of Ontario,18030
Ontario,Dufferin—Caledon,Dufferin—Caledon,Daniel Kowalewski,Daniel Kowalewski,Ontario Libertarian Party,540
Ontario,Dufferin—Caledon,Dufferin—Caledon,Karren Wallace,Karren Wallace,Green Party of Ontario,7535
Ontario,Dufferin—Caledon,Dufferin—Caledon,Rehya Yazbek,Rehya Yazbek,New Democratic Party of Ontario,5243
Ontario,Durham,Durham,Granville Anderson,Granville Anderson,Ontario Liberal Party,19816
Ontario,Durham,Durham,Mike Patrick,Mike Patrick,Progressive Conservative Party of Ontario,18580
Ontario,Durham,Durham,Derek Spence,Derek Spence,New Democratic Party of Ontario,13094
Ontario,Durham,Durham,Conner Toye,Conner Toye,Ontario Libertarian Party,620
Ontario,Durham,Durham,Halyna Zalucky,Halyna Zalucky,Green Party of Ontario,2326
Ontario,Eglinton—Lawrence,Eglinton—Lawrence,Michael Bone,Michael Bone,Freedom Party of Ontario,265
Ontario,Eglinton—Lawrence,Eglinton—Lawrence,Mike Colle,Mike Colle,Ontario Liberal Party,22855
Ontario,Eglinton—Lawrence,Eglinton—Lawrence,Thomas Gallezot,Thomas Gallezot,New Democratic Party of Ontario,3044
Ontario,Eglinton—Lawrence,Eglinton—Lawrence,Robin Martin,Robin Martin,Progressive Conservative Party of Ontario,14069
Ontario,Eglinton—Lawrence,Eglinton—Lawrence,Lucas C. McCann,Lucas C. McCann,Green Party of Ontario,1314
Ontario,Eglinton—Lawrence,Eglinton—Lawrence,Erwin Sniedzins,Erwin Sniedzins,Independent,144
Ontario,Elgin—Middlesex—London,Elgin—Middlesex—London,Kathy Cornish,Kathy Cornish,New Democratic Party of Ontario,11942
Ontario,Elgin—Middlesex—London,Elgin—Middlesex—London,John Fisher,John Fisher,Green Party of Ontario,2208
Ontario,Elgin—Middlesex—London,Elgin—Middlesex—London,Serge Lavoie,Serge Lavoie,Ontario Liberal Party,9051
Ontario,Elgin—Middlesex—London,Elgin—Middlesex—London,Clare Maloney,Clare Maloney,Freedom Party of Ontario,798
Ontario,Elgin—Middlesex—London,Elgin—Middlesex—London,Jeff Yurek,Jeff Yurek,Progressive Conservative Party of Ontario,20762
Ontario,Essex,Essex,Ray Cecile,Ray Cecile,Progressive Conservative Party of Ontario,10178
Ontario,Essex,Essex,Crystal Meloche,Crystal Meloche,Ontario Liberal Party,6625
Ontario,Essex,Essex,Taras Natyshak,Taras Natyshak,New Democratic Party of Ontario,28092
Ontario,Essex,Essex,Mark Vercouteren,Mark Vercouteren,Green Party of Ontario,1679
Ontario,Etobicoke-Centre,Etobicoke-Centre,Yvan Baker,Yvan Baker,Ontario Liberal Party,23632
Ontario,Etobicoke-Centre,Etobicoke-Centre,Alexander T. Bussmann,Alexander T. Bussmann,Ontario Libertarian Party,521
Ontario,Etobicoke-Centre,Etobicoke-Centre,Chris Jones,Chris Jones,New Democratic Party of Ontario,5696
Ontario,Etobicoke-Centre,Etobicoke-Centre,Andrew Kuess,Andrew Kuess,Freedom Party of Ontario,240
Ontario,Etobicoke-Centre,Etobicoke-Centre,Pina Martino,Pina Martino,Progressive Conservative Party of Ontario,15531
Ontario,Etobicoke-Centre,Etobicoke-Centre,John J. Martins,John J. Martins,The People's Political Party,243
Ontario,Etobicoke-Centre,Etobicoke-Centre,George Morrison,George Morrison,Green Party of Ontario,1254
Ontario,Etobicoke-Centre,Etobicoke-Centre,Felicia Trigiani,Felicia Trigiani,Vegan Environmental Party,148
Ontario,Etobicoke—Lakeshore,Etobicoke—Lakeshore,P. C. Choo,P. C. Choo,New Democratic Party of Ontario,6348
Ontario,Etobicoke—Lakeshore,Etobicoke—Lakeshore,Doug Holyday,Doug Holyday,Progressive Conservative Party of Ontario,17402
Ontario,Etobicoke—Lakeshore,Etobicoke—Lakeshore,Natalie Lochwin,Natalie Lochwin,Socialist Party of Ontario,230
Ontario,Etobicoke—Lakeshore,Etobicoke—Lakeshore,Ian Lytvyn,Ian Lytvyn,Ontario Moderate Party,148
Ontario,Etobicoke—Lakeshore,Etobicoke—Lakeshore,Jeff Merklinger,Jeff Merklinger,Freedom Party of Ontario,298
Ontario,Etobicoke—Lakeshore,Etobicoke—Lakeshore,Peter Milczyn,Peter Milczyn,Ontario Liberal Party,23950
Ontario,Etobicoke—Lakeshore,Etobicoke—Lakeshore,Angela Salewsky,Angela Salewsky,Green Party of Ontario,2083
Ontario,Etobicoke—Lakeshore,Etobicoke—Lakeshore,Mark Wrzesniewski,Mark Wrzesniewski,Ontario Libertarian Party,345
Ontario,Etobicoke North,Etobicoke North,Nigel Barriffe,Nigel Barriffe,New Democratic Party of Ontario,7134
Ontario,Etobicoke North,Etobicoke North,Allan deRoo,Allan deRoo,Ontario Libertarian Party,706
Ontario,Etobicoke North,Etobicoke North,James McConnell,James McConnell,Freedom Party of Ontario,287
Ontario,Etobicoke North,Etobicoke North,Tony Milone,Tony Milone,Progressive Conservative Party of Ontario,6163
Ontario,Etobicoke North,Etobicoke North,Shafiq Qaadri,Shafiq Qaadri,Ontario Liberal Party,12150
Ontario,Etobicoke North,Etobicoke North,Kenny Robertson,Kenny Robertson,Green Party of Ontario,671
Ontario,Glengarry—Prescott—Russell,Glengarry—Prescott—Russell,Grant Crack,Grant Crack,Ontario Liberal Party,23662
Ontario,Glengarry—Prescott—Russell,Glengarry—Prescott—Russell,Darcy Neal Donnelly,Darcy Neal Donnelly,Ontario Libertarian Party,426
Ontario,Glengarry—Prescott—Russell,Glengarry—Prescott—Russell,Marc-Antoine Gagnier,Marc-Antoine Gagnier,Independent,297
Ontario,Glengarry—Prescott—Russell,Glengarry—Prescott—Russell,Carl Leduc,Carl Leduc,Freedom Party of Ontario,264
Ontario,Glengarry—Prescott—Russell,Glengarry—Prescott—Russell,Isabelle Sabourin,Isabelle Sabourin,New Democratic Party of Ontario,5843
Ontario,Glengarry—Prescott—Russell,Glengarry—Prescott—Russell,Raymond St. Martin,Raymond St. Martin,Green Party of Ontario,1688
Ontario,Glengarry—Prescott—Russell,Glengarry—Prescott—Russell,Roxane Villeneuve Robertson,Roxane Villeneuve Robertson,Progressive Conservative Party of Ontario,15118
Ontario,Guelph,Guelph,Juanita Burnett,Juanita Burnett,Communist Party of Canada (Ontario),236
Ontario,Guelph,Guelph,James Gordon,James Gordon,New Democratic Party of Ontario,9392
Ontario,Guelph,Guelph,Anthony MacDonald,Anthony MacDonald,Progressive Conservative Party of Ontario,11179
Ontario,Guelph,Guelph,Liz Sandals,Liz Sandals,Ontario Liberal Party,21949
Ontario,Guelph,Guelph,Mike Schreiner,Mike Schreiner,Green Party of Ontario,10181
Ontario,Guelph,Guelph,Blair Smythe,Blair Smythe,Ontario Libertarian Party,168
Ontario,Haldimand—Norfolk,Haldimand—Norfolk,Toby Barrett,Toby Barrett,Progressive Conservative Party of Ontario,22051
Ontario,Haldimand—Norfolk,Haldimand—Norfolk,Anne Faulkner,Anne Faulkner,Green Party of Ontario,2071
Ontario,Haldimand—Norfolk,Haldimand—Norfolk,Brad Mottashed,Brad Mottashed,Ontario Libertarian Party,0
Ontario,Haldimand—Norfolk,Haldimand—Norfolk,Ian Nichols,Ian Nichols,New Democratic Party of Ontario,9786
Ontario,Haldimand—Norfolk,Haldimand—Norfolk,Karen Robinson,Karen Robinson,Ontario Liberal Party,8331
Ontario,Haliburton—Kawartha Lakes—Brock,Haliburton—Kawartha Lakes—Brock,Don Abel,Don Abel,New Democratic Party of Ontario,10490
Ontario,Haliburton—Kawartha Lakes—Brock,Haliburton—Kawartha Lakes—Brock,Arsalan Ahmad,Arsalan Ahmad,Green Party of Ontario,2266
Ontario,Haliburton—Kawartha Lakes—Brock,Haliburton—Kawartha Lakes—Brock,Rick Johnson,Rick Johnson,Ontario Liberal Party,18617
Ontario,Haliburton—Kawartha Lakes—Brock,Haliburton—Kawartha Lakes—Brock,Laurie Scott,Laurie Scott,Progressive Conservative Party of Ontario,21747
Ontario,Halton,Halton,Ted Chudleigh,Ted Chudleigh,Progressive Conservative Party of Ontario,27939
Ontario,Halton,Halton,Susan Farrant,Susan Farrant,Green Party of Ontario,2681
Ontario,Halton,Halton,Kal Ghory,Kal Ghory,Ontario Libertarian Party,917
Ontario,Halton,Halton,Gerry Marsh,Gerry Marsh,Family Coalition Party of Ontario,354
Ontario,Halton,Halton,Indira Naidoo-Harris,Indira Naidoo-Harris,Ontario Liberal Party,33665
Ontario,Halton,Halton,Nik Spohr,Nik Spohr,New Democratic Party of Ontario,9864
Ontario,Hamilton Centre,Hamilton Centre,Andrea Horwath,Andrea Horwath,New Democratic Party of Ontario,18699
Ontario,Hamilton Centre,Hamilton Centre,Bob Mann,Bob Mann,Communist Party of Canada (Ontario),229
Ontario,Hamilton Centre,Hamilton Centre,Peter Melanson,Peter Melanson,Freedom Party of Ontario,331
Ontario,Hamilton Centre,Hamilton Centre,Peter Ormond,Peter Ormond,Green Party of Ontario,3078
Ontario,Hamilton Centre,Hamilton Centre,Donna Tiqui-Shebib,Donna Tiqui-Shebib,Ontario Liberal Party,8450
Ontario,Hamilton Centre,Hamilton Centre,John Vail,John Vail,Progressive Conservative Party of Ontario,5136
Ontario,Hamilton East—Stoney Creek,Hamilton East—Stoney Creek,David Brown,David Brown,Progressive Conservative Party of Ontario,7434
Ontario,Hamilton East—Stoney Creek,Hamilton East—Stoney Creek,Mark Burnison,Mark Burnison,Ontario Libertarian Party,676
Ontario,Hamilton East—Stoney Creek,Hamilton East—Stoney Creek,Britney Anne Johnston,Britney Anne Johnston,Freedom Party of Ontario,254
Ontario,Hamilton East—Stoney Creek,Hamilton East—Stoney Creek,Ivan Luksic,Ivan Luksic,Ontario Liberal Party,12354
Ontario,Hamilton East—Stoney Creek,Hamilton East—Stoney Creek,Paul Miller,Paul Miller,New Democratic Party of Ontario,19838
Ontario,Hamilton East—Stoney Creek,Hamilton East—Stoney Creek,Gregory Zink,Gregory Zink,Green Party of Ontario,1734
Ontario,Hamilton Mountain,Hamilton Mountain,Brian Goodwin,Brian Goodwin,Freedom Party of Ontario,318
Ontario,Hamilton Mountain,Hamilton Mountain,Greg Lenko,Greg Lenko,Green Party of Ontario,2035
Ontario,Hamilton Mountain,Hamilton Mountain,Albert Marshall,Albert Marshall,Progressive Conservative Party of Ontario,8747
Ontario,Hamilton Mountain,Hamilton Mountain,Javid Mirza,Javid Mirza,Ontario Liberal Party,14416
Ontario,Hamilton Mountain,Hamilton Mountain,Monique Taylor,Monique Taylor,New Democratic Party of Ontario,22899
Ontario,Hamilton Mountain,Hamilton Mountain,Hans Wienhold,Hans Wienhold,Ontario Libertarian Party,375
Ontario,Huron—Bruce,Huron—Bruce,Jan Johnstone,Jan Johnstone,New Democratic Party of Ontario,10824
Ontario,Huron—Bruce,Huron—Bruce,Max Maister,Max Maister,Ontario Libertarian Party,323
Ontario,Huron—Bruce,Huron—Bruce,Colleen Schenk,Colleen Schenk,Ontario Liberal Party,14610
Ontario,Huron—Bruce,Huron—Bruce,Lisa Thompson,Lisa Thompson,Progressive Conservative Party of Ontario,18492
Ontario,Huron—Bruce,Huron—Bruce,Dennis Valenta,Dennis Valenta,Equal Parenting Party,127
Ontario,Huron—Bruce,Huron—Bruce,Adam Werstine,Adam Werstine,Green Party of Ontario,1642
Ontario,Huron—Bruce,Huron—Bruce,Andrew Zettel,Andrew Zettel,Family Coalition Party of Ontario,1328
Ontario,Kenora—Rainy River,Kenora—Rainy River,Sarah Campbell,Sarah Campbell,New Democratic Party of Ontario,12872
Ontario,Kenora—Rainy River,Kenora—Rainy River,Anthony Leek,Anthony Leek,Ontario Liberal Party,3729
Ontario,Kenora—Rainy River,Kenora—Rainy River,Timothy McKillop,Timothy McKillop,Green Party of Ontario,711
Ontario,Kenora—Rainy River,Kenora—Rainy River,Randy Nickle,Randy Nickle,Progressive Conservative Party of Ontario,5905
Ontario,Kingston and the Islands,Kingston and the Islands,Mark Bain,Mark Bain,Progressive Conservative Party of Ontario,10645
Ontario,Kingston and the Islands,Kingston and the Islands,Mary Rita Holland,Mary Rita Holland,New Democratic Party of Ontario,14811
Ontario,Kingston and the Islands,Kingston and the Islands,Robert Kiley,Robert Kiley,Green Party of Ontario,3561
Ontario,Kingston and the Islands,Kingston and the Islands,Sophie Kiwala,Sophie Kiwala,Ontario Liberal Party,20833
Ontario,Kingston and the Islands,Kingston and the Islands,Jonathan Reid,Jonathan Reid,Freedom Party of Ontario,241
Ontario,Kitchener Centre,Kitchener Centre,Patrick Bernier,Patrick Bernier,Ontario Libertarian Party,557
Ontario,Kitchener Centre,Kitchener Centre,Margaret Johnston,Margaret Johnston,New Democratic Party of Ontario,9761
Ontario,Kitchener Centre,Kitchener Centre,Ronnie Smith,Ronnie Smith,Green Party of Ontario,2462
Ontario,Kitchener Centre,Kitchener Centre,Daiene Vernile,Daiene Vernile,Ontario Liberal Party,18459
Ontario,Kitchener Centre,Kitchener Centre,Wayne Wettlaufer,Wayne Wettlaufer,Progressive Conservative Party of Ontario,11546
Ontario,Kitchener—Conestoga,Kitchener—Conestoga,Michael Harris,Michael Harris,Progressive Conservative Party of Ontario,17390
Ontario,Kitchener—Conestoga,Kitchener—Conestoga,David Schumm,David Schumm,Ontario Libertarian Party,1041
Ontario,Kitchener—Conestoga,Kitchener—Conestoga,James Villeneuve,James Villeneuve,New Democratic Party of Ontario,10059
Ontario,Kitchener—Conestoga,Kitchener—Conestoga,David Weber,David Weber,Green Party of Ontario,3319
Ontario,Kitchener—Conestoga,Kitchener—Conestoga,Wayne Wright,Wayne Wright,Ontario Liberal Party,15896
Ontario,Kitchener—Waterloo,Kitchener—Waterloo,Jamie Burton,Jamie Burton,Ontario Liberal Party,16191
Ontario,Kitchener—Waterloo,Kitchener—Waterloo,Stacey Danckert,Stacey Danckert,Green Party of Ontario,2804
Ontario,Kitchener—Waterloo,Kitchener—Waterloo,Catherine Fife,Catherine Fife,New Democratic Party of Ontario,20034
Ontario,Kitchener—Waterloo,Kitchener—Waterloo,James Schulz,James Schulz,Ontario Libertarian Party,468
Ontario,Kitchener—Waterloo,Kitchener—Waterloo,Tracey Weiler,Tracey Weiler,Progressive Conservative Party of Ontario,14057
Ontario,Lambton—Kent—Middlesex,Lambton—Kent—Middlesex,James Armstrong,James Armstrong,Green Party of Ontario,2103
Ontario,Lambton—Kent—Middlesex,Lambton—Kent—Middlesex,Dave Durnin,Dave Durnin,Freedom Party of Ontario,242
Ontario,Lambton—Kent—Middlesex,Lambton—Kent—Middlesex,Joe Hill,Joe Hill,New Democratic Party of Ontario,12157
Ontario,Lambton—Kent—Middlesex,Lambton—Kent—Middlesex,Bob Lewis,Bob Lewis,None of the Above Party of Ontario,552
Ontario,Lambton—Kent—Middlesex,Lambton—Kent—Middlesex,Monte McNaughton,Monte McNaughton,Progressive Conservative Party of Ontario,20609
Ontario,Lambton—Kent—Middlesex,Lambton—Kent—Middlesex,Mike Radan,Mike Radan,Ontario Liberal Party,9297
Ontario,Lambton—Kent—Middlesex,Lambton—Kent—Middlesex,Marinus Vander Vloet,Marinus Vander Vloet,Family Coalition Party of Ontario,560
Ontario,Lambton—Kent—Middlesex,Lambton—Kent—Middlesex,Matt Willson,Matt Willson,Ontario Libertarian Party,213
Ontario,Lanark—Frontenac—Lennox and Addington,Lanark—Frontenac—Lennox and Addington,Randy Hillier,Randy Hillier,Progressive Conservative Party of Ontario,21966
Ontario,Lanark—Frontenac—Lennox and Addington,Lanark—Frontenac—Lennox and Addington,Bill MacDonald,Bill MacDonald,Ontario Liberal Party,14957
Ontario,Lanark—Frontenac—Lennox and Addington,Lanark—Frontenac—Lennox and Addington,Cam Mather,Cam Mather,Green Party of Ontario,3266
Ontario,Lanark—Frontenac—Lennox and Addington,Lanark—Frontenac—Lennox and Addington,Dave Parkhill,Dave Parkhill,New Democratic Party of Ontario,10207
Ontario,Leeds—Grenville,Leeds—Grenville,Stephen Bowering,Stephen Bowering,Green Party of Ontario,2054
Ontario,Leeds—Grenville,Leeds—Grenville,Steve Clark,Steve Clark,Progressive Conservative Party of Ontario,23201
Ontario,Leeds—Grenville,Leeds—Grenville,Harold Gabriel,Harold Gabriel,Ontario Libertarian Party,476
Ontario,Leeds—Grenville,Leeds—Grenville,David Lundy,David Lundy,New Democratic Party of Ontario,7219
Ontario,Leeds—Grenville,Leeds—Grenville,Christine Milks,Christine Milks,Ontario Liberal Party,8500
Ontario,London—Fanshawe,London—Fanshawe,Teresa Armstrong,Teresa Armstrong,New Democratic Party of Ontario,17950
Ontario,London—Fanshawe,London—Fanshawe,Ali Aref Hamadi,Ali Aref Hamadi,Independent,113
Ontario,London—Fanshawe,London—Fanshawe,Tim Harnick,Tim Harnick,Ontario Libertarian Party,386
Ontario,London—Fanshawe,London—Fanshawe,Marcel Marcellin,Marcel Marcellin,Ontario Liberal Party,7066
Ontario,London—Fanshawe,London—Fanshawe,Paul McKeever,Paul McKeever,Freedom Party of Ontario,503
Ontario,London—Fanshawe,London—Fanshawe,Chris Robson/Parti PC de l'Ontario,Chris Robson/Parti PC de l'Ontario,Progressive Conservative Party of Ontario,8189
Ontario,London—Fanshawe,London—Fanshawe,Wil Sorrell,Wil Sorrell,Green Party of Ontario,1374
Ontario,London North Centre,London North Centre,Nancy Branscombe,Nancy Branscombe,Progressive Conservative Party of Ontario,12029
Ontario,London North Centre,London North Centre,Judy Bryant,Judy Bryant,New Democratic Party of Ontario,13839
Ontario,London North Centre,London North Centre,Kevin Labonte,Kevin Labonte,Green Party of Ontario,2465
Ontario,London North Centre,London North Centre,Salim Mansur,Salim Mansur,Freedom Party of Ontario,636
Ontario,London North Centre,London North Centre,Deb Matthews,Deb Matthews,Ontario Liberal Party,16445
Ontario,London North Centre,London North Centre,Dave McKee,Dave McKee,Communist Party of Canada (Ontario),114
Ontario,London North Centre,London North Centre,Michael Spottiswood,Michael Spottiswood,Pauper Party of Ontario,70
Ontario,London West,London West,Jeff Bennett,Jeff Bennett,Progressive Conservative Party of Ontario,16296
Ontario,London West,London West,Al Gretzky,Al Gretzky,Freedom Party of Ontario,1188
Ontario,London West,London West,Keith McAlister,Keith McAlister,Green Party of Ontario,2309
Ontario,London West,London West,Peggy Sattler,Peggy Sattler,New Democratic Party of Ontario,22247
Ontario,London West,London West,Nick Steinburg,Nick Steinburg,Ontario Liberal Party,13050
Ontario,Markham—Unionville,Markham—Unionville,Michael Chan,Michael Chan,Ontario Liberal Party,21517
Ontario,Markham—Unionville,Markham—Unionville,Nadine Kormos Hawkins,Nadine Kormos Hawkins,New Democratic Party of Ontario,4205
Ontario,Markham—Unionville,Markham—Unionville,Myles O'Brien,Myles O'Brien,Green Party of Ontario,1509
Ontario,Markham—Unionville,Markham—Unionville,Allen Small,Allen Small,Ontario Libertarian Party,444
Ontario,Markham—Unionville,Markham—Unionville,Shan Thayaparan,Shan Thayaparan,Progressive Conservative Party of Ontario,14241
Ontario,Mississauga—Brampton South,Mississauga—Brampton South,Kathy Acheson,Kathy Acheson,Green Party of Ontario,1392
Ontario,Mississauga—Brampton South,Mississauga—Brampton South,Robert Alilovic,Robert Alilovic,Independent,371
Ontario,Mississauga—Brampton South,Mississauga—Brampton South,Amarjeet Gill,Amarjeet Gill,Progressive Conservative Party of Ontario,11259
Ontario,Mississauga—Brampton South,Mississauga—Brampton South,Richard Levesque,Richard Levesque,Ontario Libertarian Party,1053
Ontario,Mississauga—Brampton South,Mississauga—Brampton South,Amrit Mangat,Amrit Mangat,Ontario Liberal Party,19832
Ontario,Mississauga—Brampton South,Mississauga—Brampton South,Kevin Troake,Kevin Troake,New Democratic Party of Ontario,6868
Ontario,Mississauga—Brampton South,Mississauga—Brampton South,Kathleen Vezina,Kathleen Vezina,None of the Above Party of Ontario,604
Ontario,Mississauga East—Cooksville,Mississauga East—Cooksville,Dolly Catena,Dolly Catena,Equal Parenting Party,239
Ontario,Mississauga East—Cooksville,Mississauga East—Cooksville,Zoran Churchin,Zoran Churchin,Progressive Conservative Party of Ontario,10475
Ontario,Mississauga East—Cooksville,Mississauga East—Cooksville,Dipika Damerla,Dipika Damerla,Ontario Liberal Party,20837
Ontario,Mississauga East—Cooksville,Mississauga East—Cooksville,Levko Iwanusiw,Levko Iwanusiw,Ontario Libertarian Party,781
Ontario,Mississauga East—Cooksville,Mississauga East—Cooksville,Fayaz Karim,Fayaz Karim,New Democratic Party of Ontario,6119
Ontario,Mississauga East—Cooksville,Mississauga East—Cooksville,Linh Nguyen,Linh Nguyen,Green Party of Ontario,1404
Ontario,Mississauga—Erindale,Mississauga—Erindale,Michelle Bilek,Michelle Bilek,New Democratic Party of Ontario,7745
Ontario,Mississauga—Erindale,Mississauga—Erindale,Vivek Gupta,Vivek Gupta,Green Party of Ontario,1196
Ontario,Mississauga—Erindale,Mississauga—Erindale,Christopher Jewell,Christopher Jewell,Ontario Libertarian Party,892
Ontario,Mississauga—Erindale,Mississauga—Erindale,Nabila Kiyani,Nabila Kiyani,Family Coalition Party of Ontario,469
Ontario,Mississauga—Erindale,Mississauga—Erindale,Harinder S. Takhar,Harinder S. Takhar,Ontario Liberal Party,25174
Ontario,Mississauga—Erindale,Mississauga—Erindale,Greg Vezina,Greg Vezina,None of the Above Party of Ontario,706
Ontario,Mississauga—Erindale,Mississauga—Erindale,Jeff White,Jeff White,Progressive Conservative Party of Ontario,15375
Ontario,Mississauga South,Mississauga South,Lloyd Jones,Lloyd Jones,Green Party of Ontario,1423
Ontario,Mississauga South,Mississauga South,James Judson,James Judson,Ontario Libertarian Party,355
Ontario,Mississauga South,Mississauga South,Boris Rosolak,Boris Rosolak,New Democratic Party of Ontario,4644
Ontario,Mississauga South,Mississauga South,Charles Sousa,Charles Sousa,Ontario Liberal Party,22192
Ontario,Mississauga South,Mississauga South,Effie Triantafilopoulos,Effie Triantafilopoulos,Progressive Conservative Party of Ontario,14544
Ontario,Mississauga South,Mississauga South,Andrew Weber,Andrew Weber,None of the Above Party of Ontario,596
Ontario,Mississauga—Streetsville,Mississauga—Streetsville,Bob Delaney,Bob Delaney,Ontario Liberal Party,22587
Ontario,Mississauga—Streetsville,Mississauga—Streetsville,Anju Sikka,Anju Sikka,New Democratic Party of Ontario,5886
Ontario,Mississauga—Streetsville,Mississauga—Streetsville,Nina Tangri,Nina Tangri,Progressive Conservative Party of Ontario,12039
Ontario,Mississauga—Streetsville,Mississauga—Streetsville,Alexander Vezina,Alexander Vezina,None of the Above Party of Ontario,524
Ontario,Mississauga—Streetsville,Mississauga—Streetsville,David Walach,David Walach,Ontario Libertarian Party,348
Ontario,Mississauga—Streetsville,Mississauga—Streetsville,Scott Warner,Scott Warner,Green Party of Ontario,1590
Ontario,Nepean—Carleton,Nepean—Carleton,Coreen Corcoran,Coreen Corcoran,Ontario Libertarian Party,955
Ontario,Nepean—Carleton,Nepean—Carleton,Ric Dagenais,Ric Dagenais,New Democratic Party of Ontario,8662
Ontario,Nepean—Carleton,Nepean—Carleton,Gordon Kubanek,Gordon Kubanek,Green Party of Ontario,3639
Ontario,Nepean—Carleton,Nepean—Carleton,Lisa MacLeod,Lisa MacLeod,Progressive Conservative Party of Ontario,30778
Ontario,Nepean—Carleton,Nepean—Carleton,Jack Uppal,Jack Uppal,Ontario Liberal Party,22011
Ontario,Newmarket—Aurora,Newmarket—Aurora,Chris Ballard,Chris Ballard,Ontario Liberal Party,22942
Ontario,Newmarket—Aurora,Newmarket—Aurora,Dorian Baxter,Dorian Baxter,Canadians' Choice Party,925
Ontario,Newmarket—Aurora,Newmarket—Aurora,Angus Duff,Angus Duff,New Democratic Party of Ontario,6092
Ontario,Newmarket—Aurora,Newmarket—Aurora,Jason Jenkins,Jason Jenkins,Ontario Libertarian Party,579
Ontario,Newmarket—Aurora,Newmarket—Aurora,Andrew Roblin,Andrew Roblin,Green Party of Ontario,2167
Ontario,Newmarket—Aurora,Newmarket—Aurora,Jane Twinney,Jane Twinney,Progressive Conservative Party of Ontario,19510
Ontario,Newmarket—Aurora,Newmarket—Aurora,Bob Yaciuk,Bob Yaciuk,Trillium Party of Ontario,164
Ontario,Niagara Falls,Niagara Falls,John Ringo Beam,John Ringo Beam,None of the Above Party of Ontario,498
Ontario,Niagara Falls,Niagara Falls,Clarke Bitter,Clarke Bitter,Green Party of Ontario,1724
Ontario,Niagara Falls,Niagara Falls,Wayne Gates,Wayne Gates,New Democratic Party of Ontario,24123
Ontario,Niagara Falls,Niagara Falls,Bart Maves,Bart Maves,Progressive Conservative Party of Ontario,16699
Ontario,Niagara Falls,Niagara Falls,Ralph Panucci,Ralph Panucci,Ontario Libertarian Party,560
Ontario,Niagara Falls,Niagara Falls,Lionel Tupman,Lionel Tupman,Ontario Liberal Party,7314
Ontario,Niagara West—Glanbrook,Niagara West—Glanbrook,Tim Hudak,Tim Hudak,Progressive Conservative Party of Ontario,23539
Ontario,Niagara West—Glanbrook,Niagara West—Glanbrook,Stefanos Karatopis,Stefanos Karatopis,Ontario Libertarian Party,998
Ontario,Niagara West—Glanbrook,Niagara West—Glanbrook,Basia Krzyzanowski,Basia Krzyzanowski,Green Party of Ontario,3028
Ontario,Niagara West—Glanbrook,Niagara West—Glanbrook,Brian McCormack,Brian McCormack,New Democratic Party of Ontario,12463
Ontario,Niagara West—Glanbrook,Niagara West—Glanbrook,David Mossey,David Mossey,Ontario Liberal Party,15761
Ontario,Niagara West—Glanbrook,Niagara West—Glanbrook,Geoff Peacock,Geoff Peacock,Freedom Party of Ontario,278
Ontario,Nickel Belt,Nickel Belt,Marck Blay,Marck Blay,Progressive Conservative Party of Ontario,3782
Ontario,Nickel Belt,Nickel Belt,Heather K. Dahlstrom,Heather K. Dahlstrom,Green Party of Ontario,1123
Ontario,Nickel Belt,Nickel Belt,France Gélinas,France Gélinas,New Democratic Party of Ontario,19941
Ontario,Nickel Belt,Nickel Belt,James Tregonning,James Tregonning,Ontario Liberal Party,6977
Ontario,Nipissing,Nipissing,Patrick Clement,Patrick Clement,Independent,210
Ontario,Nipissing,Nipissing,Derek Elliott,Derek Elliott,Ontario Libertarian Party,365
Ontario,Nipissing,Nipissing,Vic Fedeli,Vic Fedeli,Progressive Conservative Party of Ontario,13085
Ontario,Nipissing,Nipissing,Henri Giroux,Henri Giroux,New Democratic Party of Ontario,8055
Ontario,Nipissing,Nipissing,Nicole L. Peltier,Nicole L. Peltier,Green Party of Ontario,1198
Ontario,Nipissing,Nipissing,Catherine Whiting,Catherine Whiting,Ontario Liberal Party,8381
Ontario,Northumberland-Quinte West,Northumberland-Quinte West,Gudrun Ludorf-Weaver,Gudrun Ludorf-Weaver,Green Party of Ontario,2283
Ontario,Northumberland-Quinte West,Northumberland-Quinte West,Kira Mees,Kira Mees,New Democratic Party of Ontario,9216
Ontario,Northumberland-Quinte West,Northumberland-Quinte West,Rob Milligan,Rob Milligan,Progressive Conservative Party of Ontario,19528
Ontario,Northumberland-Quinte West,Northumberland-Quinte West,Lou Rinaldi,Lou Rinaldi,Ontario Liberal Party,23415
Ontario,Oak Ridges—Markham,Oak Ridges—Markham,Karl Boelling,Karl Boelling,Ontario Libertarian Party,1384
Ontario,Oak Ridges—Markham,Oak Ridges—Markham,Helena Jaczek,Helena Jaczek,Ontario Liberal Party,36858
Ontario,Oak Ridges—Markham,Oak Ridges—Markham,Miles Krauter,Miles Krauter,New Democratic Party of Ontario,9483
Ontario,Oak Ridges—Markham,Oak Ridges—Markham,Emilia Melara,Emilia Melara,Green Party of Ontario,2762
Ontario,Oak Ridges—Markham,Oak Ridges—Markham,Gennady Vilensky,Gennady Vilensky,Trillium Party of Ontario,233
Ontario,Oak Ridges—Markham,Oak Ridges—Markham,Farid Wassef,Farid Wassef,Progressive Conservative Party of Ontario,30259
Ontario,Oakville,Oakville,Andrew Chlobowski,Andrew Chlobowski,Green Party of Ontario,1902
Ontario,Oakville,Oakville,David Clement,David Clement,Ontario Libertarian Party,393
Ontario,Oakville,Oakville,Kevin Flynn,Kevin Flynn,Ontario Liberal Party,24729
Ontario,Oakville,Oakville,Che Marville,Che Marville,New Democratic Party of Ontario,3973
Ontario,Oakville,Oakville,Larry Scott,Larry Scott,Progressive Conservative Party of Ontario,18895
Ontario,Oakville,Oakville,Silvio Ursomarzo,Silvio Ursomarzo,Freedom Party of Ontario,137
Ontario,Oshawa,Oshawa,Jennifer French,Jennifer French,New Democratic Party of Ontario,22227
Ontario,Oshawa,Oshawa,Jerry J. Ouellette,Jerry J. Ouellette,Progressive Conservative Party of Ontario,14532
Ontario,Oshawa,Oshawa,Esrick Quintyn,Esrick Quintyn,Ontario Liberal Party,9052
Ontario,Oshawa,Oshawa,Becky Smit,Becky Smit,Green Party of Ontario,1785
Ontario,Ottawa Centre,Ottawa Centre,Rob Dekker,Rob Dekker,Progressive Conservative Party of Ontario,9675
Ontario,Ottawa Centre,Ottawa Centre,Bruce A. Faulkner,Bruce A. Faulkner,Ontario Libertarian Party,832
Ontario,Ottawa Centre,Ottawa Centre,Jennifer McKenzie,Jennifer McKenzie,New Democratic Party of Ontario,10891
Ontario,Ottawa Centre,Ottawa Centre,Yasir Naqvi,Yasir Naqvi,Ontario Liberal Party,27600
Ontario,Ottawa Centre,Ottawa Centre,Kevin O'Donnell,Kevin O'Donnell,Green Party of Ontario,4135
Ontario,Ottawa Centre,Ottawa Centre,Larry L. Wasslen,Larry L. Wasslen,Communist Party of Canada (Ontario),279
Ontario,Ottawa—Orléans,Ottawa—Orléans,Bob Bell,Bob Bell,Green Party of Ontario,2041
Ontario,Ottawa—Orléans,Ottawa—Orléans,Gerry Bourdeau,Gerry Bourdeau,Ontario Libertarian Party,512
Ontario,Ottawa—Orléans,Ottawa—Orléans,Marie-France Lalonde,Marie-France Lalonde,Ontario Liberal Party,29945
Ontario,Ottawa—Orléans,Ottawa—Orléans,Andrew Lister,Andrew Lister,Progressive Conservative Party of Ontario,18473
Ontario,Ottawa—Orléans,Ottawa—Orléans,Prosper M'Bemba-Meka,Prosper M'Bemba-Meka,New Democratic Party of Ontario,4909
Ontario,Ottawa South,Ottawa South,Jean-Serge Brisson,Jean-Serge Brisson,Ontario Libertarian Party,273
Ontario,Ottawa South,Ottawa South,John Fraser,John Fraser,Ontario Liberal Party,23727
Ontario,Ottawa South,Ottawa South,Bronwyn Funiciello,Bronwyn Funiciello,New Democratic Party of Ontario,5867
Ontario,Ottawa South,Ottawa South,Matt Lakatos-Hayward,Matt Lakatos-Hayward,Green Party of Ontario,2064
Ontario,Ottawa South,Ottawa South,Espoir Manirambona,Espoir Manirambona,Communist Party of Canada (Ontario),141
Ontario,Ottawa South,Ottawa South,John Redins,John Redins,Party for People with Special Needs,244
Ontario,Ottawa South,Ottawa South,Matt Young,Matt Young,Progressive Conservative Party of Ontario,15110
Ontario,Ottawa—Vanier,Ottawa—Vanier,Dave Bagler,Dave Bagler,Green Party of Ontario,3147
Ontario,Ottawa—Vanier,Ottawa—Vanier,Martin Forget,Martin Forget,Progressive Conservative Party of Ontario,8799
Ontario,Ottawa—Vanier,Ottawa—Vanier,Madeleine Meilleur,Madeleine Meilleur,Ontario Liberal Party,21945
Ontario,Ottawa—Vanier,Ottawa—Vanier,Hervé Ngamby,Hervé Ngamby,New Democratic Party of Ontario,5216
Ontario,Ottawa—Vanier,Ottawa—Vanier,Phillip Richard,Phillip Richard,Ontario Libertarian Party,330
Ontario,Ottawa West—Nepean,Ottawa West—Nepean,Matthew Brooks,Matthew Brooks,Ontario Libertarian Party,338
Ontario,Ottawa West—Nepean,Ottawa West—Nepean,Bob Chiarelli,Bob Chiarelli,Ontario Liberal Party,21328
Ontario,Ottawa West—Nepean,Ottawa West—Nepean,Alex Cullen,Alex Cullen,New Democratic Party of Ontario,6673
Ontario,Ottawa West—Nepean,Ottawa West—Nepean,Randall Denley,Randall Denley,Progressive Conservative Party of Ontario,15540
Ontario,Ottawa West—Nepean,Ottawa West—Nepean,Alex Hill,Alex Hill,Green Party of Ontario,2807
Ontario,Oxford,Oxford,Mike Farlow,Mike Farlow,Green Party of Ontario,1984
Ontario,Oxford,Oxford,Ernie Hardeman,Ernie Hardeman,Progressive Conservative Party of Ontario,18949
Ontario,Oxford,Oxford,Tim Hodges,Tim Hodges,Freedom Party of Ontario,384
Ontario,Oxford,Oxford,Daniel Moulton,Daniel Moulton,Ontario Liberal Party,8742
Ontario,Oxford,Oxford,Bryan Smith,Bryan Smith,New Democratic Party of Ontario,10560
Ontario,Oxford,Oxford,Devin Wright,Devin Wright,Ontario Libertarian Party,364
Ontario,Parkdale—High Park,Parkdale—High Park,Cheri DiNovo,Cheri DiNovo,New Democratic Party of Ontario,18400
Ontario,Parkdale—High Park,Parkdale—High Park,Jamie Ellerton,Jamie Ellerton,Progressive Conservative Party of Ontario,5782
Ontario,Parkdale—High Park,Parkdale—High Park,Nancy Leblanc,Nancy Leblanc,Ontario Liberal Party,17875
Ontario,Parkdale—High Park,Parkdale—High Park,Melanie Motz,Melanie Motz,Freedom Party of Ontario,129
Ontario,Parkdale—High Park,Parkdale—High Park,Tim Rudkins,Tim Rudkins,Green Party of Ontario,2489
Ontario,Parkdale—High Park,Parkdale—High Park,Matthew Vezina,Matthew Vezina,None of the Above Party of Ontario,306
Ontario,Parkdale—High Park,Parkdale—High Park,Redmond Weissenberger,Redmond Weissenberger,Ontario Libertarian Party,191
Ontario,Parry Sound—Muskoka,Parry Sound—Muskoka,Norm Miller,Norm Miller,Progressive Conservative Party of Ontario,15752
Ontario,Parry Sound—Muskoka,Parry Sound—Muskoka,Clyde Mobbley,Clyde Mobbley,New Democratic Party of Ontario,4993
Ontario,Parry Sound—Muskoka,Parry Sound—Muskoka,Matt Richter,Matt Richter,Green Party of Ontario,7484
Ontario,Parry Sound—Muskoka,Parry Sound—Muskoka,Andy Stivrins,Andy Stivrins,Freedom Party of Ontario,296
Ontario,Parry Sound—Muskoka,Parry Sound—Muskoka,Dan Waters,Dan Waters,Ontario Liberal Party,10177
Ontario,Perth—Wellington,Perth—Wellington,Chris Desjardins,Chris Desjardins,Green Party of Ontario,2000
Ontario,Perth—Wellington,Perth—Wellington,Irma DeVries,Irma DeVries,Family Coalition Party of Ontario,789
Ontario,Perth—Wellington,Perth—Wellington,Scott Marshall,Scott Marshall,Ontario Libertarian Party,411
Ontario,Perth—Wellington,Perth—Wellington,Matthew Murphy,Matthew Murphy,Independent,343
Ontario,Perth—Wellington,Perth—Wellington,Randy Pettapiece,Randy Pettapiece,Progressive Conservative Party of Ontario,15996
Ontario,Perth—Wellington,Perth—Wellington,Stewart Skinner,Stewart Skinner,Ontario Liberal Party,13510
Ontario,Perth—Wellington,Perth—Wellington,Robby Smink,Robby Smink,Freedom Party of Ontario,198
Ontario,Perth—Wellington,Perth—Wellington,Romayne Smith Fullerton,Romayne Smith Fullerton,New Democratic Party of Ontario,7768
Ontario,Peterborough,Peterborough,Gary Beamish,Gary Beamish,Green Party of Ontario,2285
Ontario,Peterborough,Peterborough,Gerard Faux,Gerard Faux,Pauper Party of Ontario,63
Ontario,Peterborough,Peterborough,Jeff Leal,Jeff Leal,Ontario Liberal Party,24649
Ontario,Peterborough,Peterborough,Brian Martindale,Brian Martindale,Independent,395
Ontario,Peterborough,Peterborough,Wayne Matheson,Wayne Matheson,Freedom Party of Ontario,121
Ontario,Peterborough,Peterborough,Andrea Quiano,Andrea Quiano,Socialist Party of Ontario,131
Ontario,Peterborough,Peterborough,Scott Stewart,Scott Stewart,Progressive Conservative Party of Ontario,15909
Ontario,Peterborough,Peterborough,Sheila Wood,Sheila Wood,New Democratic Party of Ontario,9726
Ontario,Pickering—Scarborough East,Pickering—Scarborough East,Kevin Gaudet,Kevin Gaudet,Progressive Conservative Party of Ontario,12623
Ontario,Pickering—Scarborough East,Pickering—Scarborough East,Eileen Higdon,Eileen Higdon,New Democratic Party of Ontario,6599
Ontario,Pickering—Scarborough East,Pickering—Scarborough East,Scott Hoefig,Scott Hoefig,Ontario Libertarian Party,590
Ontario,Pickering—Scarborough East,Pickering—Scarborough East,Tracy MacCharles,Tracy MacCharles,Ontario Liberal Party,23128
Ontario,Pickering—Scarborough East,Pickering—Scarborough East,Anthony Navarro,Anthony Navarro,Green Party of Ontario,1548
Ontario,Pickering—Scarborough East,Pickering—Scarborough East,Matt Oliver,Matt Oliver,Freedom Party of Ontario,192
Ontario,Prince Edward—Hastings,Prince Edward—Hastings,Lindsay Forbes,Lindsay Forbes,Ontario Libertarian Party,554
Ontario,Prince Edward—Hastings,Prince Edward—Hastings,Anita Payne,Anita Payne,Green Party of Ontario,2449
Ontario,Prince Edward—Hastings,Prince Edward—Hastings,Todd Smith,Todd Smith,Progressive Conservative Party of Ontario,19210
Ontario,Prince Edward—Hastings,Prince Edward—Hastings,Merrill Stewart,Merrill Stewart,New Democratic Party of Ontario,8829
Ontario,Prince Edward—Hastings,Prince Edward—Hastings,Georgina Thompson,Georgina Thompson,Ontario Liberal Party,15103
Ontario,Renfrew—Nipissing—Pembroke,Renfrew—Nipissing—Pembroke,Chad Beckwith-Smith,Chad Beckwith-Smith,Independent,392
Ontario,Renfrew—Nipissing—Pembroke,Renfrew—Nipissing—Pembroke,Rod Boileau,Rod Boileau,Ontario Liberal Party,7897
Ontario,Renfrew—Nipissing—Pembroke,Renfrew—Nipissing—Pembroke,Brian Dougherty,Brian Dougherty,New Democratic Party of Ontario,5978
Ontario,Renfrew—Nipissing—Pembroke,Renfrew—Nipissing—Pembroke,Murray Reid,Murray Reid,Ontario Provincial Confederation of Regions Party,490
Ontario,Renfrew—Nipissing—Pembroke,Renfrew—Nipissing—Pembroke,Benjamin Wright,Benjamin Wright,Green Party of Ontario,1337
Ontario,Renfrew—Nipissing—Pembroke,Renfrew—Nipissing—Pembroke,John Yakabuski,John Yakabuski,Progressive Conservative Party of Ontario,25241
Ontario,Richmond Hill,Richmond Hill,Igor Bily,Igor Bily,Ontario Libertarian Party,549
Ontario,Richmond Hill,Richmond Hill,Adam DeVita,Adam DeVita,New Democratic Party of Ontario,4817
Ontario,Richmond Hill,Richmond Hill,Yuri Duboisky,Yuri Duboisky,Ontario Moderate Party,187
Ontario,Richmond Hill,Richmond Hill,Vic Gupta,Vic Gupta,Progressive Conservative Party of Ontario,15482
Ontario,Richmond Hill,Richmond Hill,Rachael Lave,Rachael Lave,Green Party of Ontario,1335
Ontario,Richmond Hill,Richmond Hill,Reza Moridi,Reza Moridi,Ontario Liberal Party,21049
Ontario,St. Catharines,St. Catharines,Jim Bradley,Jim Bradley,Ontario Liberal Party,19005
Ontario,St. Catharines,St. Catharines,Nicholas Dushko,Nicholas Dushko,Ontario Libertarian Party,220
Ontario,St. Catharines,St. Catharines,Karen Fraser,Karen Fraser,Green Party of Ontario,1788
Ontario,St. Catharines,St. Catharines,Mat Siscoe,Mat Siscoe,Progressive Conservative Party of Ontario,13798
Ontario,St. Catharines,St. Catharines,Jennie Stevens,Jennie Stevens,New Democratic Party of Ontario,11353
Ontario,St. Catharines,St. Catharines,Dave Unrau,Dave Unrau,Freedom Party of Ontario,170
Ontario,St. Catharines,St. Catharines,Saleh Waziruddin,Saleh Waziruddin,Communist Party of Canada (Ontario),98
Ontario,St. Paul's,St. Paul's,Justine Deluce,Justine Deluce,Progressive Conservative Party of Ontario,12032
Ontario,St. Paul's,St. Paul's,Eric Hoskins,Eric Hoskins,Ontario Liberal Party,30036
Ontario,St. Paul's,St. Paul's,John Kittredge,John Kittredge,Ontario Libertarian Party,413
Ontario,St. Paul's,St. Paul's,Josh Rachlis,Josh Rachlis,Green Party of Ontario,2556
Ontario,St. Paul's,St. Paul's,Mike Rita,Mike Rita,Freedom Party of Ontario,176
Ontario,St. Paul's,St. Paul's,Luke Savage,Luke Savage,New Democratic Party of Ontario,5142
Ontario,Sarnia—Lambton,Sarnia—Lambton,Bob Bailey,Bob Bailey,Progressive Conservative Party of Ontario,18720
Ontario,Sarnia—Lambton,Sarnia—Lambton,Andrew K. Falby,Andrew K. Falby,Ontario Libertarian Party,340
Ontario,Sarnia—Lambton,Sarnia—Lambton,Anne Marie Gillis,Anne Marie Gillis,Ontario Liberal Party,8113
Ontario,Sarnia—Lambton,Sarnia—Lambton,Kevin Shaw,Kevin Shaw,Green Party of Ontario,2106
Ontario,Sarnia—Lambton,Sarnia—Lambton,Brian White,Brian White,New Democratic Party of Ontario,16274
Ontario,Sault Ste. Marie,Sault Ste. Marie,Kara Flannigan,Kara Flannigan,Green Party of Ontario,965
Ontario,Sault Ste. Marie,Sault Ste. Marie,Rod Fremlin,Rod Fremlin,Progressive Conservative Party of Ontario,3703
Ontario,Sault Ste. Marie,Sault Ste. Marie,David Orazietti,David Orazietti,Ontario Liberal Party,17490
Ontario,Sault Ste. Marie,Sault Ste. Marie,Celia Ross,Celia Ross,New Democratic Party of Ontario,7611
Ontario,Sault Ste. Marie,Sault Ste. Marie,Austin Williams,Austin Williams,Ontario Libertarian Party,115
Ontario,Scarborough—Agincourt,Scarborough—Agincourt,Liang Chen,Liang Chen,Progressive Conservative Party of Ontario,12141
Ontario,Scarborough—Agincourt,Scarborough—Agincourt,Kevin Clarke,Kevin Clarke,The People's Political Party,390
Ontario,Scarborough—Agincourt,Scarborough—Agincourt,Pauline Thompson,Pauline Thompson,Green Party of Ontario,912
Ontario,Scarborough—Agincourt,Scarborough—Agincourt,Alex Wilson,Alex Wilson,New Democratic Party of Ontario,4131
Ontario,Scarborough—Agincourt,Scarborough—Agincourt,Soo Wong,Soo Wong,Ontario Liberal Party,17342
Ontario,Scarborough Centre,Scarborough Centre,Carol Baker,Carol Baker,New Democratic Party of Ontario,7135
Ontario,Scarborough Centre,Scarborough Centre,Brad Duguid,Brad Duguid,Ontario Liberal Party,19251
Ontario,Scarborough Centre,Scarborough Centre,David Ramalho,David Ramalho,Progressive Conservative Party of Ontario,7566
Ontario,Scarborough Centre,Scarborough Centre,Edward Yaghledjian,Edward Yaghledjian,Green Party of Ontario,1086
Ontario,Scarborough—Guildwood,Scarborough—Guildwood,Jeffrey W. R. Bustard,Jeffrey W. R. Bustard,Green Party of Ontario,1029
Ontario,Scarborough—Guildwood,Scarborough—Guildwood,Mitzie Hunter,Mitzie Hunter,Ontario Liberal Party,17498
Ontario,Scarborough—Guildwood,Scarborough—Guildwood,Richard Kerr,Richard Kerr,Ontario Libertarian Party,476
Ontario,Scarborough—Guildwood,Scarborough—Guildwood,Ken Kirupa,Ken Kirupa,Progressive Conservative Party of Ontario,9688
Ontario,Scarborough—Guildwood,Scarborough—Guildwood,Khalid Mokhtarzada,Khalid Mokhtarzada,Freedom Party of Ontario,228
Ontario,Scarborough—Guildwood,Scarborough—Guildwood,John Sawdon,John Sawdon,Canadians' Choice Party,120
Ontario,Scarborough—Guildwood,Scarborough—Guildwood,Shuja Syed,Shuja Syed,New Democratic Party of Ontario,5915
Ontario,Scarborough—Rouge River,Scarborough—Rouge River,Bas Balkissoon,Bas Balkissoon,Ontario Liberal Party,16134
Ontario,Scarborough—Rouge River,Scarborough—Rouge River,Raymond Cho,Raymond Cho,Progressive Conservative Party of Ontario,11491
Ontario,Scarborough—Rouge River,Scarborough—Rouge River,Amir Khan,Amir Khan,None of the Above Party of Ontario,461
Ontario,Scarborough—Rouge River,Scarborough—Rouge River,Neethan Shan,Neethan Shan,New Democratic Party of Ontario,12863
Ontario,Scarborough—Rouge River,Scarborough—Rouge River,George B. Singh,George B. Singh,Green Party of Ontario,569
Ontario,Scarborough Southwest,Scarborough Southwest,Lorenzo Berardinetti,Lorenzo Berardinetti,Ontario Liberal Party,18420
Ontario,Scarborough Southwest,Scarborough Southwest,David Del Grande,David Del Grande,Green Party of Ontario,1492
Ontario,Scarborough Southwest,Scarborough Southwest,Jean-Baptiste Foaleng,Jean-Baptiste Foaleng,Independent,192
Ontario,Scarborough Southwest,Scarborough Southwest,Nita Kang,Nita Kang,Progressive Conservative Party of Ontario,7570
Ontario,Scarborough Southwest,Scarborough Southwest,Jessie Macaulay,Jessie Macaulay,New Democratic Party of Ontario,8674
Ontario,Scarborough Southwest,Scarborough Southwest,Tyler Rose,Tyler Rose,Ontario Libertarian Party,328
Ontario,Simcoe—Grey,Simcoe—Grey,Jesseca Dudun,Jesseca Dudun,Green Party of Ontario,4198
Ontario,Simcoe—Grey,Simcoe—Grey,Lorne Kenney,Lorne Kenney,Ontario Liberal Party,17385
Ontario,Simcoe—Grey,Simcoe—Grey,David Matthews,David Matthews,New Democratic Party of Ontario,7837
Ontario,Simcoe—Grey,Simcoe—Grey,Jim Wilson,Jim Wilson,Progressive Conservative Party of Ontario,26238
Ontario,Simcoe North,Simcoe North,Garfield Dunlop,Garfield Dunlop,Progressive Conservative Party of Ontario,22180
Ontario,Simcoe North,Simcoe North,Fred Larsen,Fred Larsen,Ontario Liberal Party,16412
Ontario,Simcoe North,Simcoe North,Doris Middleton,Doris Middleton,New Democratic Party of Ontario,7851
Ontario,Simcoe North,Simcoe North,Peter Stubbins,Peter Stubbins,Green Party of Ontario,4031
Ontario,Stormont—Dundas—South Glengarry,Stormont—Dundas—South Glengarry,John Earle,John Earle,Ontario Liberal Party,9287
Ontario,Stormont—Dundas—South Glengarry,Stormont—Dundas—South Glengarry,Elaine MacDonald,Elaine MacDonald,New Democratic Party of Ontario,8374
Ontario,Stormont—Dundas—South Glengarry,Stormont—Dundas—South Glengarry,Jim McDonell,Jim McDonell,Progressive Conservative Party of Ontario,19457
Ontario,Stormont—Dundas—South Glengarry,Stormont—Dundas—South Glengarry,Shawn McRae,Shawn McRae,Ontario Libertarian Party,608
Ontario,Stormont—Dundas—South Glengarry,Stormont—Dundas—South Glengarry,Sharron Norman,Sharron Norman,Green Party of Ontario,1047
Ontario,Sudbury,Sudbury,Joe Cimino,Joe Cimino,New Democratic Party of Ontario,14247
Ontario,Sudbury,Sudbury,Casey J. Lalonde,Casey J. Lalonde,Green Party of Ontario,1211
Ontario,Sudbury,Sudbury,Andrew Olivier,Andrew Olivier,Ontario Liberal Party,13267
Ontario,Sudbury,Sudbury,Paula Peroni,Paula Peroni,Progressive Conservative Party of Ontario,4653
Ontario,Sudbury,Sudbury,J. David Popescu,J. David Popescu,Independent,105
Ontario,Sudbury,Sudbury,Steve Wilson,Steve Wilson,Ontario Libertarian Party,242
Ontario,Thornhill,Thornhill,Gene Balfour,Gene Balfour,Ontario Libertarian Party,578
Ontario,Thornhill,Thornhill,David Bergart,David Bergart,Green Party of Ontario,1232
Ontario,Thornhill,Thornhill,Erin Goodwin,Erin Goodwin,Freedom Party of Ontario,234
Ontario,Thornhill,Thornhill,Cindy Hackelberg,Cindy Hackelberg,New Democratic Party of Ontario,4058
Ontario,Thornhill,Thornhill,Gila Martow,Gila Martow,Progressive Conservative Party of Ontario,21868
Ontario,Thornhill,Thornhill,Sandra Yeung Racco,Sandra Yeung Racco,Ontario Liberal Party,21783
Ontario,Thunder Bay—Atikokan,Thunder Bay—Atikokan,Ed Deibel,Ed Deibel,Northern Ontario Heritage Party,131
Ontario,Thunder Bay—Atikokan,Thunder Bay—Atikokan,Mary Kozorys,Mary Kozorys,New Democratic Party of Ontario,8072
Ontario,Thunder Bay—Atikokan,Thunder Bay—Atikokan,Bill Mauro,Bill Mauro,Ontario Liberal Party,15177
Ontario,Thunder Bay—Atikokan,Thunder Bay—Atikokan,John Northey,John Northey,Green Party of Ontario,964
Ontario,Thunder Bay—Atikokan,Thunder Bay—Atikokan,Joe Talarico,Joe Talarico,Ontario Libertarian Party,546
Ontario,Thunder Bay—Atikokan,Thunder Bay—Atikokan,Harold Wilson,Harold Wilson,Progressive Conservative Party of Ontario,3776
Ontario,Thunder Bay—Superior North,Thunder Bay—Superior North,Andrew Foulds,Andrew Foulds,New Democratic Party of Ontario,8144
Ontario,Thunder Bay—Superior North,Thunder Bay—Superior North,Michael Gravelle,Michael Gravelle,Ontario Liberal Party,15503
Ontario,Thunder Bay—Superior North,Thunder Bay—Superior North,Tamara Johnson,Tamara Johnson,Ontario Libertarian Party,922
Ontario,Thunder Bay—Superior North,Thunder Bay—Superior North,Joseph LeBlanc,Joseph LeBlanc,Green Party of Ontario,993
Ontario,Thunder Bay—Superior North,Thunder Bay—Superior North,Derek Parks,Derek Parks,Progressive Conservative Party of Ontario,1985
Ontario,Thunder Bay—Superior North,Thunder Bay—Superior North,Paul Sloan,Paul Sloan,Northern Ontario Heritage Party,136
Ontario,Timiskaming—Cochrane,Timiskaming—Cochrane,Gino Chitaroni,Gino Chitaroni,Northern Ontario Heritage Party,625
Ontario,Timiskaming—Cochrane,Timiskaming—Cochrane,Cody Fraser,Cody Fraser,Green Party of Ontario,529
Ontario,Timiskaming—Cochrane,Timiskaming—Cochrane,Sébastien Goyer,Sébastien Goyer,Ontario Liberal Party,6161
Ontario,Timiskaming—Cochrane,Timiskaming—Cochrane,Peter Politis,Peter Politis,Progressive Conservative Party of Ontario,4656
Ontario,Timiskaming—Cochrane,Timiskaming—Cochrane,John Vanthof,John Vanthof,New Democratic Party of Ontario,14651
Ontario,Timmins—James Bay,Timmins—James Bay,Gilles Bisson,Gilles Bisson,New Democratic Party of Ontario,11818
Ontario,Timmins—James Bay,Timmins—James Bay,Steve Black,Steve Black,Progressive Conservative Party of Ontario,5226
Ontario,Timmins—James Bay,Timmins—James Bay,Sylvie Fontaine,Sylvie Fontaine,Ontario Liberal Party,5592
Ontario,Timmins—James Bay,Timmins—James Bay,Bozena Hrycyna,Bozena Hrycyna,Green Party of Ontario,401
Ontario,Timmins—James Bay,Timmins—James Bay,Fauzia Sadiq,Fauzia Sadiq,Ontario Provincial Confederation of Regions Party,61
Ontario,Toronto Centre,Toronto Centre,Martin Abell,Martin Abell,Progressive Conservative Party of Ontario,9495
Ontario,Toronto Centre,Toronto Centre,Lada Alekseychuk,Lada Alekseychuk,Party for People with Special Needs,200
Ontario,Toronto Centre,Toronto Centre,Mark Daye,Mark Daye,Green Party of Ontario,2265
Ontario,Toronto Centre,Toronto Centre,Judi Falardeau,Judi Falardeau,Ontario Libertarian Party,550
Ontario,Toronto Centre,Toronto Centre,Drew Garvie,Drew Garvie,Communist Party of Canada (Ontario),183
Ontario,Toronto Centre,Toronto Centre,Chris Goodwin,Chris Goodwin,Freedom Party of Ontario,265
Ontario,Toronto Centre,Toronto Centre,Glen Murray,Glen Murray,Ontario Liberal Party,29799
Ontario,Toronto Centre,Toronto Centre,Robin Nurse,Robin Nurse,The People's Political Party,82
Ontario,Toronto Centre,Toronto Centre,Harvey Rotenberg,Harvey Rotenberg,Vegan Environmental Party,187
Ontario,Toronto Centre,Toronto Centre,Kate Sellar,Kate Sellar,New Democratic Party of Ontario,8083
Ontario,Toronto Centre,Toronto Centre,Bahman Yazdanfar,Bahman Yazdanfar,Canadians' Choice Party,78
Ontario,Toronto—Danforth,Toronto—Danforth,Thomas Armstrong,Thomas Armstrong,Ontario Libertarian Party,501
Ontario,Toronto—Danforth,Toronto—Danforth,Ali Azaroghli,Ali Azaroghli,The People's Political Party,80
Ontario,Toronto—Danforth,Toronto—Danforth,Simon Luisi,Simon Luisi,Vegan Environmental Party,148
Ontario,Toronto—Danforth,Toronto—Danforth,Rob Newman,Rob Newman,Ontario Liberal Party,15908
Ontario,Toronto—Danforth,Toronto—Danforth,Tristan Parlette,Tristan Parlette,Freedom Party of Ontario,122
Ontario,Toronto—Danforth,Toronto—Danforth,Rachel Power,Rachel Power,Green Party of Ontario,2348
Ontario,Toronto—Danforth,Toronto—Danforth,John Richardson,John Richardson,Canadians' Choice Party,170
Ontario,Toronto—Danforth,Toronto—Danforth,Elizabeth Rowley,Elizabeth Rowley,Communist Party of Canada (Ontario),285
Ontario,Toronto—Danforth,Toronto—Danforth,Naomi Solomon,Naomi Solomon,Progressive Conservative Party of Ontario,4303
Ontario,Toronto—Danforth,Toronto—Danforth,Peter Tabuns,Peter Tabuns,New Democratic Party of Ontario,19165
Ontario,Trinity—Spadina,Trinity—Spadina,Han Dong,Han Dong,Ontario Liberal Party,26934
Ontario,Trinity—Spadina,Trinity—Spadina,Andrew Echevarria,Andrew Echevarria,Ontario Libertarian Party,729
Ontario,Trinity—Spadina,Trinity—Spadina,Paul Figueiras,Paul Figueiras,Vegan Environmental Party,308
Ontario,Trinity—Spadina,Trinity—Spadina,Tim Grant,Tim Grant,Green Party of Ontario,4111
Ontario,Trinity—Spadina,Trinity—Spadina,Dan King,Dan King,Party for People with Special Needs,265
Ontario,Trinity—Spadina,Trinity—Spadina,Rosario Marchese,Rosario Marchese,New Democratic Party of Ontario,17759
Ontario,Trinity—Spadina,Trinity—Spadina,Roberta Scott,Roberta Scott,Progressive Conservative Party of Ontario,8094
Ontario,Vaughan,Vaughan,Marco Coletta,Marco Coletta,New Democratic Party of Ontario,7105
Ontario,Vaughan,Vaughan,Steven Del Duca,Steven Del Duca,Ontario Liberal Party,33545
Ontario,Vaughan,Vaughan,Paolo Fabrizio,Paolo Fabrizio,Ontario Libertarian Party,1277
Ontario,Vaughan,Vaughan,Peter Meffe,Peter Meffe,Progressive Conservative Party of Ontario,16654
Ontario,Vaughan,Vaughan,Matthew Pankhurst,Matthew Pankhurst,Green Party of Ontario,1336
Ontario,Welland,Welland,Frank Campion,Frank Campion,Progressive Conservative Party of Ontario,12947
Ontario,Welland,Welland,Donna Cridland,Donna Cridland,Green Party of Ontario,1874
Ontario,Welland,Welland,Cindy Forster,Cindy Forster,New Democratic Party of Ontario,21281
Ontario,Welland,Welland,Benoit Mercier,Benoit Mercier,Ontario Liberal Party,8997
Ontario,Welland,Welland,Andrea J. Murik,Andrea J. Murik,Ontario Libertarian Party,450
Ontario,Wellington—Halton Hills,Wellington—Halton Hills,Ted Arnott,Ted Arnott,Progressive Conservative Party of Ontario,22600
Ontario,Wellington—Halton Hills,Wellington—Halton Hills,Michael Carlucci,Michael Carlucci,New Democratic Party of Ontario,6848
Ontario,Wellington—Halton Hills,Wellington—Halton Hills,Jason Cousineau,Jason Cousineau,Ontario Libertarian Party,1104
Ontario,Wellington—Halton Hills,Wellington—Halton Hills,Dave Rodgers,Dave Rodgers,Green Party of Ontario,3566
Ontario,Wellington—Halton Hills,Wellington—Halton Hills,Mitch Sproule,Mitch Sproule,Freedom Party of Ontario,198
Ontario,Wellington—Halton Hills,Wellington—Halton Hills,Dan Zister,Dan Zister,Ontario Liberal Party,14095
Ontario,Whitby—Oshawa,Whitby—Oshawa,Christine Elliott,Christine Elliott,Progressive Conservative Party of Ontario,23985
Ontario,Whitby—Oshawa,Whitby—Oshawa,Ryan Kelly,Ryan Kelly,New Democratic Party of Ontario,13662
Ontario,Whitby—Oshawa,Whitby—Oshawa,Ajay Krishnan,Ajay Krishnan,Ontario Liberal Party,18488
Ontario,Whitby—Oshawa,Whitby—Oshawa,Stacey Leadbetter,Stacey Leadbetter,Green Party of Ontario,2534
Ontario,Whitby—Oshawa,Whitby—Oshawa,Douglas Thom,Douglas Thom,Freedom Party of Ontario,326
Ontario,Willowdale,Willowdale,Alexander Brown,Alexander Brown,New Democratic Party of Ontario,4697
Ontario,Willowdale,Willowdale,Michael Ceci,Michael Ceci,Progressive Conservative Party of Ontario,15422
Ontario,Willowdale,Willowdale,Teresa Pun,Teresa Pun,Green Party of Ontario,1758
Ontario,Willowdale,Willowdale,David Zimmer,David Zimmer,Ontario Liberal Party,24294
Ontario,Windsor—Tecumseh,Windsor—Tecumseh,Jason Dupuis,Jason Dupuis,Ontario Liberal Party,5605
Ontario,Windsor—Tecumseh,Windsor—Tecumseh,Percy Hatfield,Percy Hatfield,New Democratic Party of Ontario,22826
Ontario,Windsor—Tecumseh,Windsor—Tecumseh,Timothy Joel Marshall,Timothy Joel Marshall,Ontario Libertarian Party,688
Ontario,Windsor—Tecumseh,Windsor—Tecumseh,Adam Wright,Adam Wright,Green Party of Ontario,2144
Ontario,Windsor—Tecumseh,Windsor—Tecumseh,Brandon Wright,Brandon Wright,Progressive Conservative Party of Ontario,5485
Ontario,Windsor West,Windsor West,Helmi Charif,Helmi Charif,Independent,897
Ontario,Windsor West,Windsor West,Chad Durocher,Chad Durocher,Green Party of Ontario,1210
Ontario,Windsor West,Windsor West,Lisa Gretzky,Lisa Gretzky,New Democratic Party of Ontario,14998
Ontario,Windsor West,Windsor West,Henry Lau,Henry Lau,Progressive Conservative Party of Ontario,5260
Ontario,Windsor West,Windsor West,Teresa Piruzza,Teresa Piruzza,Ontario Liberal Party,13976
Ontario,York Centre,York Centre,Josh Borenstein,Josh Borenstein,Green Party of Ontario,1156
Ontario,York Centre,York Centre,Laurence Cherniak,Laurence Cherniak,Freedom Party of Ontario,489
Ontario,York Centre,York Centre,John Fagan,John Fagan,New Democratic Party of Ontario,5806
Ontario,York Centre,York Centre,Monte Kwinter,Monte Kwinter,Ontario Liberal Party,16980
Ontario,York Centre,York Centre,Avi Yufest,Avi Yufest,Progressive Conservative Party of Ontario,10914
Ontario,York—Simcoe,York—Simcoe,Laura Bowman,Laura Bowman,New Democratic Party of Ontario,8411
Ontario,York—Simcoe,York—Simcoe,Loralea Carruthers,Loralea Carruthers,Ontario Liberal Party,16240
Ontario,York—Simcoe,York—Simcoe,Peter Elgie,Peter Elgie,Green Party of Ontario,2952
Ontario,York—Simcoe,York—Simcoe,Julia Munro,Julia Munro,Progressive Conservative Party of Ontario,19012
Ontario,York—Simcoe,York—Simcoe,Craig Wallace,Craig Wallace,Ontario Libertarian Party,417
Ontario,York South—Weston,York South—Weston,Laura Albanese,Laura Albanese,Ontario Liberal Party,15719
Ontario,York South—Weston,York South—Weston,Eric Compton,Eric Compton,Freedom Party of Ontario,250
Ontario,York South—Weston,York South—Weston,Paul Ferreira,Paul Ferreira,New Democratic Party of Ontario,12147
Ontario,York South—Weston,York South—Weston,Andrew Ffrench,Andrew Ffrench,Progressive Conservative Party of Ontario,3672
Ontario,York South—Weston,York South—Weston,Jessica Higgins,Jessica Higgins,Green Party of Ontario,826
Ontario,York South—Weston,York South—Weston,Abi Issa,Abi Issa,Independent,144
Ontario,York West,York West,Kayla Baptiste,Kayla Baptiste,Freedom Party of Ontario,267
Ontario,York West,York West,Keith Jarrett,Keith Jarrett,Green Party of Ontario,418
Ontario,York West,York West,Karlene Nation,Karlene Nation,Progressive Conservative Party of Ontario,2778
Ontario,York West,York West,Tom Rakocevic,Tom Rakocevic,New Democratic Party of Ontario,10007
Ontario,York West,York West,Wally Schwauss,Wally Schwauss,Independent,113
Ontario,York West,York West,Mario Sergio,Mario Sergio,Ontario Liberal Party,11867
